"","date","title","ticker"
"1","2025-03-29","Is HDFC Bank Limited (NYSE:HDB) a High-Growth Non-Tech Stock That Is Profitable in 2025?","HDB"
"2","2025-03-28","Is HDFC Bank (HDB) the Best ADR Stock to Buy According to Hedge Funds?","HDB"
"3","2025-03-28","abrdn Emerging Markets Dividend Active ETF Q4 2024 Commentary","HDB"
"4","2025-03-27","Martin Currie Emerging Markets Portfolios Q4 2024 Commentary","HDB"
"5","2025-03-26","Templeton Developing Markets Trust Q4 2024 Commentary","HDB"
"6","2025-03-24","Wasatch Global Select Fund Q4 2024 Commentary","HDB"
"7","2025-03-24","SCGLY vs. HDB: Which Stock Is the Better Value Option?","HDB"
"8","2025-03-19","Is HDFC Bank (HDB) Among The Best Bank Stocks To Buy According To Billionaires?","HDB"
"9","2025-03-03","HDFC Bank Limited (HDB) Underperformed Despite Robust Fundamental Business Drivers","HDB"
"10","2025-02-12","HDFC Bank Limited (HDB): Among the Best International Dividend Stocks to Buy Now","HDB"
"11","2025-02-04","HDFC Bank Limited (HDB): Among the Most Profitable Bank Stocks to Buy According to Analysts","HDB"
"12","2025-02-01","Is HDFC Bank Limited (HDB) the High Growth Financial Stock to Invest In?","HDB"
"13","2025-01-23","HDFC Bank Ltd (HDB) Q3 2025 Earnings Call Highlights: Robust Deposit Growth and Strategic ...","HDB"
"14","2025-01-22","Why Is HDFC Bank Limited (HDB) Among the Best Large-Cap Value Stocks to Buy in 2025?","HDB"
"15","2025-01-08","HDFC Bank Receives RBI Approval for Strategic Bank Investments","HDB"
"16","2025-01-08","HDFC Bank Reports Strong Growth in Advances and Deposits for December 2024 Quarter","HDB"
"17","2025-01-06","HDFC Bank gets Reserve Bank of India nod for stake hike in three banks","HDB"
"18","2024-12-18","HDFC Bank Receives SEBI Administrative Warning","HDB"
"19","2024-12-17","Is HDFC Bank Limited (HDB) Among Billionaire Daniel Sundheims Stock Picks Heading Into 2025?","HDB"
"20","2024-12-01","Why Is HDFC Bank Limited (HDB) Among the Best Emerging Markets Stocks To Buy Now?","HDB"
"21","2024-11-13","Is the Options Market Predicting a Spike in HDFC Bank (HDB) Stock?","HDB"
"22","2024-10-23","HDFC Bank Plans Major IPO for HDB Financial Services","HDB"
"23","2024-10-23","HDFC Bank Reports Strong Quarterly Profit Growth","HDB"
"24","2024-10-20","HDFC Bank Ltd (HDB) Q2 2025 Earnings Call Highlights: Strong Profit Growth Amidst Competitive ...","HDB"
"25","2024-10-19","HDFC Bank Limited (HDB): Is This High Growth Non-Tech Stock Profitable In 2024?","HDB"
"26","2024-10-17","HDFC Bank Inaugurated its First Branch in Singapore","HDB"
"27","2024-10-10","HDFC Bank Divests Entire Stake in HDFC Edu","HDB"
"28","2024-10-09","HDFC Bank Limited (HDB): Among the Best Indian Stocks for the Next 10 Years","HDB"
"29","2024-10-08","HDFC Bank Shows Strong Financial Growth","HDB"
"30","2024-10-08","HDFC Bank Launches New GIFT City Subsidiary","HDB"
"31","2024-09-26","HDFC Sells $717 Million of Home Loans to Reduce Credit Book","HDB"
"32","2024-08-30","HDFC Bank Ltd (NYSE:HDB) A Bull Case Theory","HDB"
"33","2024-08-13","HDFC Bank gets MSCI boost, expects $2.5 bln inflows","HDB"
"34","2024-08-05","How Indias fast-growing middle class propelled HDFC Bank into the Global 500","HDB"
"35","2024-07-29","HDFC Bank Limited 20-F Available Online","HDB"
"36","2024-07-12","Should Investors Buy HDFC Bank (NYSE:HBD) for Exposure to Indias Growth?","HDB"
"37","2024-07-12","Top 25 global banks add 5.4% market value during Q2 2024, reveals GlobalData","HDB"
"38","2024-07-09","Does HDFC Bank (HDB) Have a Low Incremental Margin Structure?","HDB"
"39","2024-07-03","MUFGs Talks for Stake in India Consumer Lender Said to Hit Snag","HDB"
"40","2024-06-18","Do You Think HDFC Bank Limited (HDB) Has a Long Runway For Growth?","HDB"
"41","2024-06-06","Earnings Miss and Cautious Full-Year 2024 Outlook Dragged Lindblad Expeditions Holdings (LIND) in Q1","HDB"
"42","2024-06-05","These India Stocks Pare Deep Losses In A Roller-Coaster Election Week","HDB"
"43","2024-06-05","HDFC Bank (HDB) Fell on Weak Margin and Slow Deposit Growth","HDB"
"44","2024-06-05","HDFC Bank (HDB) Fell on a Slowdown in Deposit Growth","HDB"
"45","2024-06-04","These India Stocks Sink As Modi Election Shocker Muddies Growth Outlook","HDB"
"46","2024-06-03","India Stocks Rally On Modi Election Wave. These Indian Bank Stocks Jump.","HDB"
"47","2024-05-27","Is HDFC Bank Limited (HDB) Facing Temporary Headwinds?","HDB"
"48","2024-05-24","HDB Stock Earnings: HDFC Bank Reported Results for Q4 2023","HDB"
"49","2024-05-24","The Toronto-Dominion Bank (NYSE:TD) Q2 2024 Earnings Call Transcript","HDB"
"50","2024-05-13","3 Asian Stocks Set to Ride the Region's Boom to New Heights","HDB"
"51","2024-05-07","HDFC Bank Ltd's Dividend Analysis","HDB"
"52","2024-05-02","3 Undervalued Indian Stocks That Can Double Before the End of 2025","HDB"
"53","2024-04-22","MUFG Said to Weigh Sweeter HDBF Offer as It Eyes Say in Strategy","HDB"
"54","2024-04-06","100 Countries with Lowest GDP Per Capita","HDB"
"55","2024-04-03","20 Fastest Growing Economies in Asia in 2024","HDB"
"56","2024-03-29","10 Best India ETFs For 2024","HDB"
"57","2024-03-11","Top 25 Most Spoken Languages In The World 2024","HDB"
"58","2024-03-06","HDFC Bank Limited (HDB) Benefitted From the Strong Growth of the Indian Economy","HDB"
"59","2024-02-25","13 Best Bank Stocks To Invest In For Long-Term","HDB"
"60","2024-02-13","3 Global Blue-Chip Stocks to Buy and Hold Until 2030","HDB"
"61","2024-02-11","2 Bank Stocks Trading at Bargain Valuations","HDB"
"62","2024-02-05","Whats Hot, Whats Not: China Stocks Are Out. Top Picks From 3 Other Countries","HDB"
"63","2024-01-20","INDIA STOCKS-Indian shares end lower in Saturday session as IT stocks, HUL weigh","HDB"
"64","2024-01-18","HDFC Bank Limited (NYSE:HDB) Q3 2024 Earnings Call Transcript","HDB"
"65","2024-01-09","Should You Consider Adding HDFC Bank Limited (HDB) to Your Portfolio?","HDB"
"66","2023-11-20","20 Most Valuable Asian Companies Heading into 2024","HDB"
"67","2023-11-20","Top 20 Most Valuable Indian Companies","HDB"
"68","2023-11-07","20 Most Valuable Financial Companies in the World","HDB"
"69","2023-10-31","12 Best Asian Stocks To Buy Now","HDB"
"70","2023-10-18","HDFC Bank Limited (NYSE:HDB) Q2 2024 Earnings Call Transcript","HDB"
"71","2023-09-25","HDFC Bank's share price rises slightly amid overall positive trading environment","HDB"
"72","2023-09-22","HDFC Bank's share price declines; brokerages adjust target prices","HDB"
"73","2023-09-20","HDFC Bank shares drop after Nomura downgrades following merger","HDB"
"74","2023-09-20","Indian stock indices slump amid global market weakness and domestic concerns","HDB"
"75","2023-09-19","HDFC Bank shares face sharp decline following merger with HDFC Ltd","HDB"
"76","2023-09-19","RBI extends tenure of HDFC Bank's CEO Sashidhar Jagdishan to 2026","HDB"
"77","2023-09-18","ITUB vs. HDB: Which Stock Is the Better Value Option?","HDB"
"78","2023-09-16","10 Best ADR Stocks To Buy Now","HDB"
"79","2023-08-17","Heres Why Polen International Growth Strategy Added HDFC Bank Limited (HDB)","HDB"
"80","2023-07-17","HDFC Bank boosts profits as it rides Indian economic boom","HDB"
"81","2023-07-06","HDFC Bank's Chakraborty On HDFC-HDFC Bank Merger Opportunities","HDB"
"82","2023-06-30","Indian Stocks Close at All-Time Highs","HDB"
"83","2023-06-30","Indian Stocks Are at All-Time Highs","HDB"
"84","2023-06-29","HDFC Bank Limited 20-F Available Online","HDB"
"85","2023-06-27","HDFC Banks $173 Billion Merger With Its Parent Creates a Lucrative Arbitrage Trade in India","HDB"
"86","2023-06-15","Should You Invest in HDFC Bank Limited (HDB)?","HDB"
"87","2023-06-13","India Set For $168 Billion Finance Behemoth as HDFC Merger Nears","HDB"
"88","2023-05-11","3 Reasons Growth Investors Will Love HDFC Bank (HDB)","HDB"
"89","2023-05-05","INDIA STOCKS-Slide in HDFC, HDFC Bank erases weekly gains for Indian shares","HDB"
"90","2023-05-05","INDIA STOCKS-HDFC, HDFC Bank weigh on Indian shares amid weak global cues","HDB"
"91","2023-04-25","Here is Why Growth Investors Should Buy HDFC Bank (HDB) Now","HDB"
"92","2023-04-24","3 Emerging Markets Stocks That Could Be the Next Big Thing","HDB"
"93","2023-04-19","Heres Why HDFC Bank Limited (HDB) Declined in Q1","HDB"
"94","2023-03-27","7 Bank Stocks That Are the LEAST Likely to Fail","HDB"
"95","2023-03-17","13 Best Asian Stocks To Buy Today","HDB"
"96","2023-01-31","The 3 Most Undervalued Stocks in India for Your February Buy List","HDB"
"97","2022-12-12","Biggest Merger to Shake Up India Debt Market as Top Seller Exits","HDB"
"98","2022-12-01","India's HDFC Bank's mega bond issue sees strong demand -traders","HDB"
"99","2022-10-15","UPDATE 1-India's largest private lender HDFC Bank reports profit up 20%","HDB"
"100","2022-09-28","12 Best Asian Stocks To Buy Today","HDB"
